month,KTB3Y,KTB10Y,CORP_AA3Y,BOK_BASE
201610,1.361,1.596,1.781,1.25
201611,1.609,1.965,2.021,1.25
201612,1.692,2.159,2.162,1.25
201701,1.643,2.111,2.104,1.25
201702,1.665,2.163,2.13,1.25
201703,1.709,2.221,2.208,1.25
201704,1.678,2.182,2.195,1.25
201705,1.69,2.257,2.216,1.25
201706,1.673,2.165,2.208,1.25
201707,1.74,2.252,2.278,1.25
201708,1.78,2.287,2.32,1.25
201709,1.785,2.286,2.333,1.25
201710,2.026,2.455,2.574,1.25
201711,2.15,2.54,2.709,1.5
201712,2.1,2.472,2.649,1.5
201801,2.19,2.626,2.722,1.5
201802,2.277,2.77,2.815,1.5
201803,2.271,2.708,2.831,1.5
201804,2.192,2.655,2.794,1.5
201805,2.25,2.757,2.86,1.5
201806,2.175,2.656,2.805,1.5
201807,2.097,2.549,2.75,1.5
201808,2.019,2.458,2.656,1.5
201809,1.953,2.315,2.403,1.5
201810,2.01,2.338,2.452,1.5
201811,1.94,2.209,2.403,1.75
201812,1.825,1.992,2.304,1.75
201901,1.807,1.991,2.263,1.75
201902,1.802,1.988,2.249,1.75
201903,1.789,1.953,2.244,1.75
201904,1.736,1.889,2.207,1.75
201905,1.679,1.828,2.153,1.75
201906,1.496,1.618,2.004,1.75
201907,1.382,1.506,1.885,1.5
201908,1.164,1.254,1.689,1.5
201909,1.287,1.42,1.792,1.5
201910,1.357,1.577,1.861,1.25
201911,1.492,1.75,2.002,1.25
201912,1.39,1.653,1.948,1.25
202001,1.373,1.656,1.955,1.25
202002,1.253,1.54,1.847,1.25
202003,1.091,1.485,1.84,0.75
202004,1.024,1.504,2.145,0.75
202005,0.878,1.394,2.179,0.5
202006,0.85,1.392,2.218,0.5
202007,0.826,1.36,2.219,0.5
202008,0.829,1.373,2.192,0.5
202009,0.908,1.5,2.239,0.5
202010,0.91,1.507,2.239,0.5
202011,0.965,1.61,2.247,0.5
202012,0.97,1.675,2.211,0.5
202101,0.975,1.731,2.143,0.5
202102,0.995,1.845,2.055,0.5
202103,1.133,2.04,2.091,0.5
202104,1.138,2.041,1.983,0.5
202105,1.134,2.131,1.891,0.5
202106,1.302,2.103,1.913,0.5
202107,1.419,1.976,1.888,0.5
202108,1.411,1.905,1.838,0.75
202109,1.515,2.061,1.953,0.75
202110,1.842,2.399,2.302,0.75
202111,1.953,2.355,2.492,1
202112,1.8,2.187,2.41,1
202201,2.06,2.492,2.632,1.25
202202,2.285,2.69,2.873,1.25
202203,2.369,2.784,3.028,1.25
202204,2.941,3.219,3.631,1.5
202205,3.019,3.295,3.775,1.75
202206,3.477,3.64,4.233,1.75
202207,3.238,3.3,4.126,2.25
202208,3.247,3.322,4.227,2.5
202209,3.903,3.897,4.9,2.5
202210,4.235,4.267,5.436,3
202211,3.895,3.915,5.487,3.25
202212,3.63,3.541,5.302,3.25
202301,3.46,3.411,4.704,3.5
202302,3.47,3.45,4.274,3.5
202303,3.461,3.448,4.184,3.5
202304,3.263,3.319,4.072,3.5
202305,3.33,3.402,4.139,3.5
202306,3.548,3.611,4.356,3.5
202307,3.638,3.681,4.437,3.5
202308,3.727,3.86,4.5,3.5
202309,3.842,3.949,4.602,3.5
202310,4.031,4.272,4.827,3.5
202311,3.771,3.89,4.583,3.5
202312,3.35,3.415,4.076,3.5
202401,3.266,3.353,4.013,3.5
202402,3.351,3.429,4.053,3.5
202403,3.31,3.39,3.944,3.5
202404,3.439,3.567,3.974,3.5
202405,3.432,3.527,3.876,3.5
202406,3.262,3.337,3.708,3.5
202407,3.083,3.171,3.542,3.5
202408,2.924,2.999,3.418,3.5
202409,2.868,3.011,3.448,3.5
202410,2.911,3.07,3.486,3.25
202411,2.858,3.006,3.428,3
202412,2.59,2.771,3.236,3
202501,2.571,2.821,3.229,3
202502,2.611,2.83,3.206,2.75
202503,2.59,2.795,3.161,2.75
202504,2.395,2.658,2.98,2.75
202505,2.331,2.71,2.908,2.5
202506,2.441,2.842,2.98,2.5
202507,2.465,2.84,2.957,2.5
202508,2.427,2.815,2.914,2.5
202509,2.464,2.849,2.926,2.5
202510,2.601,2.933,3.028,2.5
202511,2.88,3.248,3.299,2.5
202512,3.01,3.366,3.502,2.5
202601,3.044,3.485,3.545,2.5
202602,3.167,3.612,3.718,2.5
202603,3.378,3.728,3.969,2.5
202604,3.413,3.737,4.07,2.5
202605,3.682,4.075,4.316,2.5
202606,3.794,4.181,4.429,2.5
202607,3.828,4.286,4.525,2.75
202608,3.788,4.286,4.486,3
202609,3.991,4.454,4.663,3
