month,DGS10,DGS2,DFEDTARU,DEXKOUS,VIXCLS,T10YIE
201610,1.760,0.840,0.500,1128.17,14.590,1.670
201611,2.140,0.980,0.500,1162.71,15.240,1.820
201612,2.490,1.200,0.750,1183.07,12.470,1.940
201701,2.430,1.210,0.750,1179.11,11.610,2.010
201702,2.420,1.200,0.750,1140.49,11.530,2.020
201703,2.480,1.310,1.000,1133.86,11.900,2.000
201704,2.300,1.240,1.000,1134.18,13.140,1.910
201705,2.300,1.300,1.000,1125.14,10.860,1.840
201706,2.190,1.340,1.250,1130.85,10.510,1.730
201707,2.320,1.370,1.250,1131.75,10.260,1.770
201708,2.210,1.340,1.250,1130.27,11.980,1.780
201709,2.200,1.380,1.250,1131.60,10.440,1.830
201710,2.360,1.550,1.250,1130.88,10.130,1.860
201711,2.350,1.700,1.250,1099.79,10.540,1.860
201712,2.400,1.840,1.500,1082.90,10.260,1.900
201801,2.580,2.030,1.500,1065.64,11.060,2.040
201802,2.860,2.180,1.500,1078.47,22.460,2.100
201803,2.840,2.280,1.750,1069.94,19.020,2.090
201804,2.870,2.380,1.750,1068.05,18.270,2.130
201805,2.980,2.510,1.750,1076.66,14.120,2.140
201806,2.910,2.530,2.000,1094.36,13.680,2.120
201807,2.890,2.610,2.000,1122.20,13.150,2.110
201808,2.890,2.640,2.000,1120.43,12.550,2.100
201809,3.000,2.770,2.250,1119.82,12.910,2.120
201810,3.150,2.860,2.250,1131.62,19.350,2.110
201811,3.120,2.860,2.250,1125.35,19.390,2.000
201812,2.830,2.680,2.500,1122.42,24.950,1.820
201901,2.710,2.540,2.500,1120.33,19.570,1.790
201902,2.680,2.500,2.500,1121.83,15.230,1.880
201903,2.570,2.410,2.500,1131.60,14.490,1.910
201904,2.530,2.340,2.500,1142.17,12.950,1.940
201905,2.400,2.210,2.500,1182.95,16.720,1.830
201906,2.070,1.810,2.500,1173.78,15.840,1.700
201907,2.060,1.840,2.500,1177.23,13.310,1.750
201908,1.630,1.570,2.250,1210.38,18.980,1.590
201909,1.700,1.650,2.000,1194.11,15.560,1.590
201910,1.710,1.550,1.750,1183.45,15.470,1.560
201911,1.810,1.610,1.750,1167.30,12.520,1.640
201912,1.860,1.610,1.750,1174.71,13.760,1.720
202001,1.760,1.520,1.750,1167.46,13.940,1.720
202002,1.500,1.330,1.750,1195.34,19.630,1.620
202003,0.870,0.450,0.250,1218.19,57.740,0.990
202004,0.660,0.220,0.250,1223.13,41.450,1.100
202005,0.670,0.170,0.250,1228.13,30.900,1.120
202006,0.730,0.190,0.250,1206.95,31.120,1.270
202007,0.620,0.150,0.250,1198.62,26.840,1.460
202008,0.650,0.140,0.250,1186.86,22.890,1.660
202009,0.680,0.130,0.250,1176.86,27.650,1.660
202010,0.790,0.150,0.250,1143.77,29.440,1.700
202011,0.870,0.170,0.250,1116.10,25.000,1.710
202012,0.930,0.140,0.250,1093.79,22.370,1.920
202101,1.080,0.130,0.250,1098.24,24.910,2.080
202102,1.260,0.120,0.250,1111.81,23.140,2.180
202103,1.610,0.150,0.250,1130.25,21.840,2.280
202104,1.640,0.160,0.250,1117.86,17.420,2.350
202105,1.620,0.160,0.250,1123.66,19.760,2.470
202106,1.520,0.200,0.250,1122.61,16.960,2.340
202107,1.320,0.220,0.250,1146.39,17.600,2.330
202108,1.280,0.220,0.250,1160.99,17.470,2.350
202109,1.370,0.240,0.250,1172.82,19.820,2.340
202110,1.580,0.390,0.250,1181.89,17.870,2.540
202111,1.560,0.510,0.250,1184.06,18.500,2.620
202112,1.470,0.680,0.250,1183.89,21.350,2.460
202201,1.760,0.980,0.250,1196.03,23.180,2.450
202202,1.930,1.440,0.250,1199.12,25.750,2.460
202203,2.130,1.910,0.500,1220.84,26.970,2.850
202204,2.750,2.540,0.500,1235.15,24.370,2.880
202205,2.900,2.620,1.000,1268.81,29.310,2.690
202206,3.140,3.000,1.750,1277.41,28.230,2.620
202207,2.900,3.040,2.500,1308.03,25.000,2.360
202208,2.900,3.250,2.500,1319.41,22.170,2.510
202209,3.520,3.860,3.250,1396.37,27.340,2.380
202210,3.980,4.380,3.250,1426.07,30.010,2.390
202211,3.890,4.500,4.000,1361.79,23.300,2.370
202212,3.620,4.290,4.500,1293.56,21.780,2.260
202301,3.530,4.210,4.500,1243.07,20.170,2.240
202302,3.750,4.530,4.750,1275.42,20.120,2.330
202303,3.660,4.300,5.000,1306.02,21.640,2.300
202304,3.460,4.020,5.000,1322.06,17.820,2.270
202305,3.570,4.130,5.250,1327.48,17.640,2.210
202306,3.750,4.640,5.250,1297.25,14.000,2.200
202307,3.900,4.830,5.500,1282.28,13.930,2.300
202308,4.170,4.900,5.500,1321.76,15.850,2.340
202309,4.380,5.020,5.500,1334.24,15.170,2.340
202310,4.800,5.070,5.500,1351.51,18.890,2.390
202311,4.500,4.880,5.500,1308.15,14.020,2.300
202312,4.020,4.460,5.500,1304.39,12.720,2.180
202401,4.060,4.320,5.500,1325.91,13.390,2.270
202402,4.210,4.540,5.500,1331.33,13.980,2.280
202403,4.210,4.590,5.500,1331.68,13.790,2.310
202404,4.540,4.870,5.500,1367.86,16.140,2.390
202405,4.480,4.860,5.500,1364.72,13.060,2.330
202406,4.310,4.740,5.500,1379.05,12.670,2.260
202407,4.250,4.500,5.500,1382.05,14.370,2.270
202408,3.870,3.970,5.500,1351.44,19.310,2.110
202409,3.720,3.620,5.000,1330.70,17.660,2.110
202410,4.100,3.970,5.000,1362.37,19.960,2.290
202411,4.360,4.260,4.750,1395.02,16.020,2.320
202412,4.390,4.230,4.500,1440.00,15.870,2.300
202501,4.630,4.270,4.500,1452.19,16.760,2.400
202502,4.450,4.210,4.500,1444.79,16.970,2.420
202503,4.280,3.970,4.500,1458.35,21.840,2.330
202504,4.280,3.780,4.500,1439.78,31.970,2.240
202505,4.420,3.920,4.500,1391.44,20.460,2.310
202506,4.380,3.890,4.500,1364.68,18.400,2.300
202507,4.390,3.880,4.500,1379.30,16.380,2.380
202508,4.260,3.700,4.500,1389.00,15.750,2.380
202509,4.120,3.570,4.250,1392.91,15.790,2.370
202510,4.060,3.520,4.000,1423.08,18.090,2.310
202511,4.090,3.550,4.000,1459.88,19.770,2.270
202512,4.140,3.500,3.750,1465.36,15.550,2.240
202601,4.210,3.540,3.750,1455.50,16.180,2.310
202602,4.130,3.470,3.750,1447.29,19.210,2.300
202603,4.250,3.710,3.750,1490.52,25.600,2.340
202604,4.320,3.800,3.750,1483.80,19.810,2.380
202605,4.480,4.000,3.750,1488.40,17.240,2.450
202606,4.470,4.110,3.750,1529.46,17.910,2.290
202607,4.600,4.220,3.750,1486.01,17.090,2.250
202608,4.680,4.220,3.750,1403.22,15.230,2.290
202609,4.990,4.650,4.000,1359.57,15.780,2.350
