date,unrate,emratio,civpart,primeage_civpart,u6rate
2024-01-01,3.7,60.2,62.5,,
2024-02-01,3.9,60.2,62.6,,
2024-03-01,3.9,60.3,62.7,,
2024-04-01,3.9,60.2,62.6,,
2024-05-01,3.9,60.1,62.6,,
2024-06-01,4.1,60.0,62.6,,
2024-07-01,4.2,60.0,62.7,,
2024-08-01,4.2,60.0,62.7,,
2024-09-01,4.1,60.1,62.7,,
2024-10-01,4.1,60.0,62.5,,
2024-11-01,4.2,59.8,62.4,,
2024-12-01,4.1,59.9,62.5,,
2025-01-01,4.0,60.1,62.6,,
2025-02-01,4.2,59.9,62.5,,
2025-03-01,4.2,59.9,62.5,,
2025-04-01,4.2,60.0,62.6,,
2025-05-01,4.3,59.7,62.4,,
2025-06-01,4.1,59.7,62.3,83.5,7.7
2025-07-01,4.3,59.6,62.2,83.4,7.9
2025-08-01,4.3,59.6,62.3,83.7,8.1
2025-09-01,4.4,59.7,62.5,83.7,8.1
2025-11-01,4.5,59.6,62.5,83.8,8.7
2025-12-01,4.4,59.7,62.4,83.8,8.4
2026-01-01,4.3,59.4,62.1,84.0,8.1
2026-02-01,4.4,59.3,62.0,83.9,7.9
2026-03-01,4.3,59.2,61.9,83.8,8.0
2026-04-01,4.3,59.1,61.8,83.8,8.2
2026-05-01,4.3,59.2,61.8,83.9,8.1
2026-06-01,4.2,59.0,61.5,83.3,7.9
