date,clf_total_sa_k,clf_foreignborn_nsa_k,foreignborn_lfpr_nsa,nilf_want_job_k,ahe_usd,ahe_yoy_pct
2024-06-01,168034.00,32224.00,67.00,5232.00,35.01,3.92
2024-07-01,168395.00,32518.00,67.30,5605.00,35.08,3.63
2024-08-01,168492.00,33049.00,67.60,5600.00,35.22,3.92
2024-09-01,168662.00,32781.00,67.20,5740.00,35.34,3.91
2024-10-01,168395.00,32435.00,66.80,5662.00,35.46,4.05
2024-11-01,168248.00,32272.00,66.30,5498.00,35.60,4.18
2024-12-01,168506.00,32101.00,65.70,5524.00,35.69,4.08
2025-01-01,170696.00,33307.00,66.00,5506.00,35.84,3.97
2025-02-01,170441.00,33241.00,66.40,5896.00,35.94,4.11
2025-03-01,170641.00,33719.00,66.80,5910.00,36.11,4.21
2025-04-01,171054.00,33004.00,66.50,5691.00,36.12,3.91
2025-05-01,170492.00,32706.00,65.90,6008.00,36.28,3.98
2025-06-01,170380.00,32572.00,66.30,6032.00,36.36,3.86
2025-07-01,170412.00,32066.00,66.10,6186.00,36.47,3.96
2025-08-01,170750.00,32239.00,66.40,6347.00,36.62,3.98
2025-09-01,171261.00,32073.00,66.30,5943.00,36.70,3.85
2025-10-01,,,,,36.85,3.92
2025-11-01,171541.00,32205.00,66.30,6139.00,37.00,3.93
2025-12-01,171495.00,32426.00,66.30,6208.00,37.02,3.73
2026-01-01,170465.00,33058.00,66.40,5838.00,37.15,3.66
2026-02-01,170483.00,32711.00,66.30,5974.00,37.27,3.70
2026-03-01,170087.00,33401.00,67.20,6040.00,37.35,3.43
2026-04-01,169995.00,32851.00,66.20,6111.00,37.41,3.57
2026-05-01,170078.00,32612.00,66.50,6187.00,37.51,3.39
2026-06-01,169358.00,31872.00,65.60,6045.00,37.64,3.52
