date,core_pce_yoy,cpi_headline_yoy,cpi_core_yoy
2023-01-01,4.937665213974429,6.410146968856267,5.5825955607770705
2023-02-01,4.855603371625716,6.035613077866597,5.537754418365681
2023-03-01,4.783286394955444,4.984974122099173,5.5896026684640665
2023-04-01,4.789642299240104,4.930320398188925,5.519415773295822
2023-05-01,4.731625374880166,4.047609272791974,5.329805200577087
2023-06-01,4.383786808421353,2.9691776545588855,4.828967015067187
2023-07-01,4.299124123250864,3.177780177942169,4.652861868586067
2023-08-01,3.8282036156702226,3.6651123843995492,4.349245233496424
2023-09-01,3.687774208035388,3.69969812134443,4.146534334979668
2023-10-01,3.4740628549791763,3.241144651893202,4.030870487613392
2023-11-01,3.2907438711504255,3.1372707088417773,4.007343124165552
2023-12-01,3.1123879882344996,3.3521228314302265,3.9298530886699323
2024-01-01,3.159014510020852,3.0908847812280538,3.861744192977934
2024-02-01,3.059467984974007,3.1531711208615976,3.752495797849398
2024-03-01,3.122173857921662,3.4773850700380304,3.801280624337111
2024-04-01,3.006720905553606,3.357363950119163,3.6099824372187728
2024-05-01,2.7711764063720334,3.2690290569400204,3.418739613626931
2024-06-01,2.7531619063573265,2.971397107263307,3.267294681298738
2024-07-01,2.8062163337682744,2.8947531984913066,3.171278789406662
2024-08-01,2.873279917118543,2.5307302964569622,3.197002286337125
2024-09-01,2.838627996468368,2.440633031069983,3.3112731929077155
2024-10-01,2.9865021082658982,2.597904904914672,3.332905131993069
2024-11-01,2.980710120125618,2.7493803960905616,3.318613890618294
2024-12-01,2.9885896245190446,2.888057219980067,3.2381447033891675
2025-01-01,2.7801380994415092,3.0004831121501097,3.2583707189842492
2025-02-01,2.9686432938117457,2.82154895174751,3.117440610743172
2025-03-01,2.670294814316976,2.3907252538964974,2.7894464628115845
2025-04-01,2.614795918367352,2.3112888616734883,2.779123083986934
2025-05-01,2.783883382495933,2.354896535474671,2.7869402973363933
2025-06-01,2.8073722050588,2.669213018222316,2.9344551618636805
2025-07-01,2.86304724556794,2.7049023971513986,3.059389625768305
2025-08-01,2.912416347215907,2.9161742842984006,3.1101472734261115
2025-09-01,2.825069249833967,3.0126767755256134,3.0192240018186878
2025-10-01,2.75453840687383,,
2025-11-01,2.8290927864990767,2.735084455122627,2.633352694698199
2025-12-01,2.971110180682146,2.6770805278750087,2.6393836158841166
2026-01-01,3.104657789335974,2.386431244904319,2.5036900710840415
2026-02-01,3.0492628550881085,2.4141129866304123,2.4565567621413598
2026-03-01,3.253849776876594,3.2564204390883145,2.5950118582653614
2026-04-01,3.318672212395035,3.8108449321217597,2.7501797653106452
2026-05-01,3.412035932904045,4.248674039164446,2.850914020683404
2026-06-01,,3.5314250637863864,2.594072431813488
