date,wti,brent
2026-01-02,57.21,61.98
2026-01-05,58.1,63.0
2026-01-06,56.97,62.1
2026-01-07,56.01,61.08
2026-01-08,57.74,63.34
2026-01-09,58.96,65.11
2026-01-12,59.39,65.4
2026-01-13,60.85,67.58
2026-01-14,61.84,68.87
2026-01-15,59.13,66.16
2026-01-16,59.4,66.97
2026-01-19,,66.91
2026-01-20,60.3,67.68
2026-01-21,60.38,66.72
2026-01-22,59.24,65.46
2026-01-23,60.7,68.16
2026-01-26,60.46,67.7
2026-01-27,62.04,70.28
2026-01-28,62.75,70.9
2026-01-29,64.77,71.0
2026-01-30,64.5,72.25
2026-02-02,61.6,67.72
2026-02-03,62.62,70.01
2026-02-04,64.56,71.15
2026-02-05,62.9,69.87
2026-02-06,63.77,70.45
2026-02-09,64.53,71.19
2026-02-10,64.2,71.01
2026-02-11,64.8,71.52
2026-02-12,63.08,69.8
2026-02-13,63.05,69.96
2026-02-16,,70.81
2026-02-17,62.53,69.77
2026-02-18,65.33,71.78
2026-02-19,66.66,73.17
2026-02-20,66.69,72.75
2026-02-23,66.36,71.9
2026-02-24,65.62,71.21
2026-02-25,65.3,70.69
2026-02-26,65.1,71.66
2026-02-27,66.96,71.32
2026-03-02,71.13,77.24
2026-03-03,74.48,83.28
2026-03-04,74.58,81.56
2026-03-05,80.88,88.59
2026-03-06,90.77,95.74
2026-03-09,94.65,94.35
2026-03-10,83.71,89.84
2026-03-11,86.8,90.98
2026-03-12,95.61,102.38
2026-03-13,98.48,103.23
2026-03-16,93.39,101.04
2026-03-17,96.01,108.39
2026-03-18,96.12,118.09
2026-03-19,96.11,111.05
2026-03-20,98.71,118.42
2026-03-23,89.33,103.79
2026-03-24,93.18,108.42
2026-03-25,91.51,109.14
2026-03-26,96.18,113.39
2026-03-27,101.26,121.47
2026-03-30,104.69,121.88
2026-03-31,102.86,126.69
2026-04-01,101.9,119.56
2026-04-02,113.23,127.61
2026-04-06,114.01,
2026-04-07,114.58,138.21
2026-04-08,96.17,122.11
2026-04-09,99.62,119.03
2026-04-10,98.34,119.07
2026-04-13,100.72,123.28
2026-04-14,93.07,118.69
2026-04-15,93.04,114.93
2026-04-16,96.46,116.63
2026-04-17,85.91,98.63
2026-04-20,91.06,103.4
2026-04-21,93.64,106.14
2026-04-22,94.76,113.44
2026-04-23,99.27,113.25
2026-04-24,98.42,111.86
2026-04-27,99.89,113.89
2026-04-28,103.45,117.62
2026-04-29,110.47,124.16
2026-04-30,108.64,124.24
2026-05-01,105.38,118.26
2026-05-04,109.76,
2026-05-05,105.66,114.51
2026-05-06,98.75,103.7
2026-05-07,98.38,101.82
2026-05-08,98.87,103.48
2026-05-11,101.56,106.11
2026-05-12,105.78,111.37
2026-05-13,104.52,110.28
2026-05-14,104.66,110.91
2026-05-15,108.99,113.96
2026-05-18,112.25,116.73
2026-05-19,112.09,114.64
2026-05-20,101.69,108.93
2026-05-21,100.2,105.84
2026-05-22,100.35,106.9
2026-05-26,97.63,102.75
2026-05-27,92.35,97.11
2026-05-28,92.65,95.47
2026-05-29,91.16,92.88
2026-06-01,95.96,98.29
2026-06-02,97.47,98.49
2026-06-03,99.76,101.69
2026-06-04,96.83,98.98
2026-06-05,94.32,97.29
2026-06-08,95.0,97.46
2026-06-09,91.9,94.15
2026-06-10,93.68,95.73
2026-06-11,91.58,92.84
2026-06-12,88.62,88.64
2026-06-15,84.65,84.36
2026-06-16,79.8,80.5
2026-06-17,80.65,80.33
2026-06-18,80.35,79.35
2026-06-19,,80.46
2026-06-22,78.94,76.49
2026-06-23,74.62,75.69
2026-06-24,71.42,72.09
2026-06-25,72.67,73.74
2026-06-26,70.3,70.16
2026-06-29,71.87,71.59
2026-06-30,70.56,70.46
2026-07-01,69.74,69.24
2026-07-02,69.73,68.53
2026-07-03,,68.68
2026-07-06,69.6,69.56
2026-07-07,71.53,71.78
2026-07-08,74.56,76.5
2026-07-09,73.15,74.46
2026-07-10,72.45,74.34
2026-07-13,79.2,81.62
2026-07-14,80.44,83.69
2026-07-15,80.73,83.08
2026-07-16,80.03,81.23
2026-07-17,83.43,85.01
2026-07-20,84.38,86.99
