date,spr_mbbl
2018-01-05,663.747
2018-01-12,664.218
2018-01-19,664.454
2018-01-26,664.686
2018-02-02,665.148
2018-02-09,665.568
2018-02-16,664.872
2018-02-23,665.281
2018-03-02,665.458
2018-03-09,665.458
2018-03-16,665.458
2018-03-23,665.458
2018-03-30,665.456
2018-04-06,665.456
2018-04-13,665.456
2018-04-20,664.718
2018-04-27,664.266
2018-05-04,663.557
2018-05-11,662.037
2018-05-18,661.336
2018-05-25,660.777
2018-06-01,660.168
2018-06-08,660.168
2018-06-15,660.016
2018-06-22,660.016
2018-06-29,660.016
2018-07-06,660.015
2018-07-13,660.014
2018-07-20,660.014
2018-07-27,660.014
2018-08-03,660.013
2018-08-10,660.013
2018-08-17,660.012
2018-08-24,660.012
2018-08-31,660.012
2018-09-07,660.011
2018-09-14,660.01
2018-09-21,660.01
2018-09-28,660.01
2018-10-05,658.704
2018-10-12,657.634
2018-10-19,656.476
2018-10-26,654.935
2018-11-02,654.7
2018-11-09,653.329
2018-11-16,652.569
2018-11-23,650.564
2018-11-30,649.561
2018-12-07,649.563
2018-12-14,649.137
2018-12-21,649.139
2018-12-28,649.139
2019-01-04,649.139
2019-01-11,649.139
2019-01-18,649.139
2019-01-25,649.139
2019-02-01,649.139
2019-02-08,649.139
2019-02-15,649.139
2019-02-22,649.139
2019-03-01,649.126
2019-03-08,649.126
2019-03-15,649.126
2019-03-22,649.126
2019-03-29,649.126
2019-04-05,649.126
2019-04-12,649.126
2019-04-19,649.126
2019-04-26,648.587
2019-05-03,647.717
2019-05-10,645.953
2019-05-17,644.818
2019-05-24,644.818
2019-05-31,644.818
2019-06-07,644.818
2019-06-14,644.818
2019-06-21,644.818
2019-06-28,644.818
2019-07-05,644.818
2019-07-12,644.818
2019-07-19,644.818
2019-07-26,644.818
2019-08-02,644.818
2019-08-09,644.818
2019-08-16,644.818
2019-08-23,644.818
2019-08-30,644.818
2019-09-06,644.818
2019-09-13,644.818
2019-09-20,644.818
2019-09-27,644.818
2019-10-04,644.618
2019-10-11,643.349
2019-10-18,642.35
2019-10-25,641.652
2019-11-01,640.952
2019-11-08,639.509
2019-11-15,637.537
2019-11-22,636.17
2019-11-29,635.166
2019-12-06,634.968
2019-12-13,634.967
2019-12-20,634.967
2019-12-27,634.967
2020-01-03,634.967
2020-01-10,634.967
2020-01-17,634.967
2020-01-24,634.967
2020-01-31,634.967
2020-02-07,634.967
2020-02-14,634.967
2020-02-21,634.967
2020-02-28,634.967
2020-03-06,634.967
2020-03-13,634.967
2020-03-20,634.967
2020-03-27,634.967
2020-04-03,634.967
2020-04-10,634.967
2020-04-17,634.967
2020-04-24,636.117
2020-05-01,637.833
2020-05-08,639.766
2020-05-15,641.648
2020-05-22,643.759
2020-05-29,647.779
2020-06-05,649.999
2020-06-12,651.73
2020-06-19,653.721
2020-06-26,655.413
2020-07-03,656.023
2020-07-10,656.149
2020-07-17,656.147
2020-07-24,656.147
2020-07-31,656.141
2020-08-07,653.899
2020-08-14,651.228
2020-08-21,649.465
2020-08-28,648.165
2020-09-04,647.86
2020-09-11,645.733
2020-09-18,644.952
2020-09-25,643.151
2020-10-02,642.006
2020-10-09,640.847
2020-10-16,640.081
2020-10-23,639.423
2020-10-30,639.27
2020-11-06,638.706
2020-11-13,638.301
2020-11-20,638.19
2020-11-27,638.19
2020-12-04,638.085
2020-12-11,638.086
2020-12-18,638.085
2020-12-25,638.085
2021-01-01,638.085
2021-01-08,638.085
2021-01-15,638.085
2021-01-22,638.086
2021-01-29,638.086
2021-02-05,637.921
2021-02-12,637.773
2021-02-19,637.773
2021-02-26,637.773
2021-03-05,637.773
2021-03-12,637.773
2021-03-19,637.773
2021-03-26,637.773
2021-04-02,637.773
2021-04-09,636.667
2021-04-16,635.924
2021-04-23,634.475
2021-04-30,633.427
2021-05-07,632.028
2021-05-14,630.127
2021-05-21,628.481
2021-05-28,627.833
2021-06-04,626.484
2021-06-11,625.593
2021-06-18,623.888
2021-06-25,622.487
2021-07-02,621.304
2021-07-09,621.304
2021-07-16,621.304
2021-07-23,621.304
2021-07-30,621.304
2021-08-06,621.304
2021-08-13,621.302
2021-08-20,621.302
2021-08-27,621.302
2021-09-03,621.302
2021-09-10,620.773
2021-09-17,619.569
2021-09-24,618.689
2021-10-01,617.77
2021-10-08,616.97
2021-10-15,615.276
2021-10-22,614.186
2021-10-29,612.541
2021-11-05,609.396
2021-11-12,606.147
2021-11-19,604.505
2021-11-26,602.556
2021-12-03,600.867
2021-12-10,598.917
2021-12-17,596.381
2021-12-24,595.028
2021-12-31,593.682
2022-01-07,593.382
2022-01-14,592.034
2022-01-21,590.782
2022-01-28,588.912
2022-02-04,587.515
2022-02-11,584.828
2022-02-18,582.384
2022-02-25,580.02
2022-03-04,577.496
2022-03-11,575.513
2022-03-18,571.323
2022-03-25,568.322
2022-04-01,564.58
2022-04-08,560.681
2022-04-15,555.98
2022-04-22,553.07
2022-04-29,549.985
2022-05-06,542.994
2022-05-13,537.984
2022-05-20,532.013
2022-05-27,526.592
2022-06-03,519.323
2022-06-10,511.612
2022-06-17,504.818
2022-06-24,497.868
2022-07-01,492.028
2022-07-08,485.147
2022-07-15,480.149
2022-07-22,474.545
2022-07-29,469.855
2022-08-05,464.558
2022-08-12,461.156
2022-08-19,453.065
2022-08-26,449.998
2022-09-02,442.471
2022-09-09,434.057
2022-09-16,427.158
2022-09-23,422.583
2022-09-30,416.389
2022-10-07,408.699
2022-10-14,405.135
2022-10-21,401.718
2022-10-28,399.792
2022-11-04,396.219
2022-11-11,392.119
2022-11-18,390.518
2022-11-25,389.116
2022-12-02,387.019
2022-12-09,382.271
2022-12-16,378.624
2022-12-23,375.128
2022-12-30,372.38
2023-01-06,371.58
2023-01-13,371.579
2023-01-20,371.579
2023-01-27,371.579
2023-02-03,371.579
2023-02-10,371.579
2023-02-17,371.579
2023-02-24,371.579
2023-03-03,371.579
2023-03-10,371.579
2023-03-17,371.579
2023-03-24,371.579
2023-03-31,371.175
2023-04-07,369.575
2023-04-14,367.963
2023-04-21,366.942
2023-04-28,364.938
2023-05-05,362.014
2023-05-12,359.586
2023-05-19,357.954
2023-05-26,355.436
2023-06-02,353.569
2023-06-09,351.687
2023-06-16,349.968
2023-06-23,348.617
2023-06-30,347.159
2023-07-07,346.758
2023-07-14,346.759
2023-07-21,346.759
2023-07-28,346.759
2023-08-04,347.754
2023-08-11,348.354
2023-08-18,348.948
2023-08-25,349.542
2023-09-01,350.34
2023-09-08,350.63
2023-09-15,351.23
2023-09-22,350.98
2023-09-29,351.28
2023-10-06,351.274
2023-10-13,351.274
2023-10-20,351.274
2023-10-27,351.274
2023-11-03,351.274
2023-11-10,351.274
2023-11-17,351.274
2023-11-24,351.587
2023-12-01,351.917
2023-12-08,351.911
2023-12-15,352.54
2023-12-22,353.333
2023-12-29,354.388
2024-01-05,354.994
2024-01-12,355.59
2024-01-19,356.51
2024-01-26,357.402
2024-02-02,358.017
2024-02-09,358.763
2024-02-16,359.511
2024-02-23,360.254
2024-03-01,360.96
2024-03-08,361.556
2024-03-15,362.306
2024-03-22,363.05
2024-03-29,363.641
2024-04-05,364.236
2024-04-12,364.884
2024-04-19,365.677
2024-04-26,366.271
2024-05-03,367.218
2024-05-10,367.811
2024-05-17,368.804
2024-05-24,369.289
2024-05-31,370.187
2024-06-07,370.526
2024-06-14,370.912
2024-06-21,372.197
2024-06-28,372.595
2024-07-05,373.072
2024-07-12,373.722
2024-07-19,374.412
2024-07-26,375.097
2024-08-02,375.833
2024-08-09,376.527
2024-08-16,377.163
2024-08-23,377.908
2024-08-30,379.672
2024-09-06,379.951
2024-09-13,380.606
2024-09-20,381.893
2024-09-27,382.553
2024-10-04,382.93
2024-10-11,383.882
2024-10-18,384.642
2024-10-25,385.831
2024-11-01,387.223
2024-11-08,387.79
2024-11-15,389.19
2024-11-22,390.362
2024-11-29,391.807
2024-12-06,392.531
2024-12-13,393.05
2024-12-20,393.31
2024-12-27,393.57
2025-01-03,393.817
2025-01-10,394.317
2025-01-17,394.566
2025-01-24,394.814
2025-01-31,395.064
2025-02-07,395.313
2025-02-14,395.313
2025-02-21,395.313
2025-02-28,395.313
2025-03-07,395.588
2025-03-14,395.863
2025-03-21,396.149
2025-03-28,396.434
2025-04-04,396.71
2025-04-11,397.009
2025-04-18,397.477
2025-04-25,398.542
2025-05-02,399.122
2025-05-09,399.65
2025-05-16,400.493
2025-05-23,401.313
2025-05-30,401.822
2025-06-06,402.059
2025-06-13,402.289
2025-06-20,402.526
2025-06-27,402.765
2025-07-04,403.003
2025-07-11,402.703
2025-07-18,402.503
2025-07-25,402.741
2025-08-01,402.976
2025-08-08,403.202
2025-08-15,403.425
2025-08-22,404.201
2025-08-29,404.71
2025-09-05,405.224
2025-09-12,405.728
2025-09-19,405.958
2025-09-26,406.7
2025-10-03,406.985
2025-10-10,407.745
2025-10-17,408.564
2025-10-24,409.097
2025-10-31,409.595
2025-11-07,410.393
2025-11-14,410.926
2025-11-21,411.424
2025-11-28,411.674
2025-12-05,411.922
2025-12-12,412.171
2025-12-19,412.971
2025-12-26,413.219
2026-01-02,413.464
2026-01-09,413.678
2026-01-16,414.484
2026-01-23,414.999
2026-01-30,415.213
2026-02-06,415.212
2026-02-13,415.441
2026-02-20,415.441
2026-02-27,415.441
2026-03-06,415.442
2026-03-13,415.442
2026-03-20,415.442
2026-03-27,415.064
2026-04-03,413.325
2026-04-10,409.181
2026-04-17,405.045
2026-04-24,397.924
2026-05-01,392.7
2026-05-08,384.095
2026-05-15,374.175
2026-05-22,365.112
2026-05-29,357.119
2026-06-05,349.192
2026-06-12,340.251
2026-06-19,331.191
2026-06-26,325.655
2026-07-03,319.489
2026-07-10,316.504
2026-07-17,311.447
