date,sce_1y,sce_3y,sce_5y
2023-01-01,4.954980373382568,2.711992979049683,2.453082084655762
2023-02-01,4.225454807281494,2.663482189178467,2.579365491867065
2023-03-01,4.747997283935547,2.781904935836792,2.537524938583374
2023-04-01,4.447037220001221,2.893647909164429,2.617150783538818
2023-05-01,4.067067623138428,2.980843782424927,2.742110729217529
2023-06-01,3.825441360473633,2.951963663101196,2.993139743804932
2023-07-01,3.546917915344238,2.905840873718262,2.876586437225342
2023-08-01,3.632116079330444,2.793574810028076,3.0
2023-09-01,3.673457145690918,3.0,2.838810205459595
2023-10-01,3.572417020797729,2.995079278945923,2.723074197769165
2023-11-01,3.358376502990723,3.0,2.683815240859985
2023-12-01,3.010266065597534,2.623311042785645,2.543853998184204
2024-01-01,3.0,2.350677490234375,2.537524938583374
2024-02-01,3.040385484695435,2.711992979049683,2.885851144790649
2024-03-01,3.0,2.895548105239868,2.62285304069519
2024-04-01,3.259793996810913,2.757096767425537,2.822743892669678
2024-05-01,3.171747922897339,2.760416269302368,3.0
2024-06-01,3.024008989334106,2.931790351867676,2.831908464431763
2024-07-01,2.97367000579834,2.330186128616333,2.805190086364746
2024-08-01,3.0,2.537524938583374,2.794509410858154
2024-09-01,3.0,2.663482189178467,2.857652425765991
2024-10-01,2.865548133850098,2.537524938583374,2.773648500442505
2024-11-01,2.96994686126709,2.570500612258911,2.86391019821167
2024-12-01,3.0,2.96994686126709,2.723074197769165
2025-01-01,3.0,2.993066549301147,2.980843782424927
2025-02-01,3.131242036819458,3.0,2.980843782424927
2025-03-01,3.580265522003174,3.0,2.856095314025879
2025-04-01,3.634883165359497,3.166463613510132,2.742110729217529
2025-05-01,3.196596622467041,3.0,2.613465547561646
2025-06-01,3.015459299087524,2.997373819351196,2.606416940689087
2025-07-01,3.090884447097778,3.0,2.87971019744873
2025-08-01,3.196596622467041,3.0,2.931790351867676
2025-09-01,3.37714695930481,3.046669483184814,2.969035863876343
2025-10-01,3.235308408737183,3.0,3.0
2025-11-01,3.196596622467041,3.0,2.980843782424927
2025-12-01,3.416846036911011,3.0,2.980843782424927
2026-01-01,3.08764123916626,2.980843782424927,3.0
2026-02-01,3.0,2.998202562332153,2.980843782424927
2026-03-01,3.417398452758789,3.079425573348999,3.046669483184814
2026-04-01,3.636756896972656,3.149212121963501,3.008733987808228
2026-05-01,3.462475061416626,3.130484104156494,3.015459299087524
2026-06-01,3.673457145690918,3.336173057556152,3.0
