date,t5yifr_monthend
2023-01-31,2.21
2023-02-28,2.28
2023-03-31,2.24
2023-04-30,2.16
2023-05-31,2.29
2023-06-30,2.26
2023-07-31,2.47
2023-08-31,2.33
2023-09-30,2.48
2023-10-31,2.44
2023-11-30,2.31
2023-12-31,2.2
2024-01-31,2.28
2024-02-29,2.26
2024-03-31,2.26
2024-04-30,2.39
2024-05-31,2.36
2024-06-30,2.32
2024-07-31,2.35
2024-08-31,2.29
2024-09-30,2.29
2024-10-31,2.28
2024-11-30,2.19
2024-12-31,2.3
2025-01-31,2.3
2025-02-28,2.18
2025-03-31,2.15
2025-04-30,2.17
2025-05-31,2.29
2025-06-30,2.27
2025-07-31,2.32
2025-08-31,2.35
2025-09-30,2.3
2025-10-31,2.2
2025-11-30,2.17
2025-12-31,2.24
2026-01-31,2.19
2026-02-28,2.1
2026-03-31,2.06
2026-04-30,2.25
2026-05-31,2.24
2026-06-30,2.22
2026-07-31,2.24
