date,gas_exp
2023-01-01,5.145077228546143
2023-02-01,4.73453950881958
2023-03-01,4.604601383209229
2023-04-01,5.094155788421631
2023-05-01,5.065770149230957
2023-06-01,4.680114269256592
2023-07-01,4.522753715515137
2023-08-01,4.897270202636719
2023-09-01,4.815264701843262
2023-10-01,5.048433780670166
2023-11-01,4.54004430770874
2023-12-01,4.503052711486816
2024-01-01,4.156521320343018
2024-02-01,4.312472343444824
2024-03-01,4.465444564819336
2024-04-01,4.779227733612061
2024-05-01,4.849355220794678
2024-06-01,4.267890930175781
2024-07-01,3.458533763885498
2024-08-01,3.619322299957275
2024-09-01,3.376351118087769
2024-10-01,3.244272470474243
2024-11-01,2.715112447738647
2024-12-01,1.998559474945068
2025-01-01,2.578176736831665
2025-02-01,3.744569540023804
2025-03-01,3.157892942428589
2025-04-01,3.482680082321167
2025-05-01,2.707615852355957
2025-06-01,4.179248332977295
2025-07-01,3.875478029251099
2025-08-01,3.917608022689819
2025-09-01,4.227804183959961
2025-10-01,3.546416521072388
2025-11-01,4.08686637878418
2025-12-01,3.959635019302368
2026-01-01,2.802870750427246
2026-02-01,4.085578918457031
2026-03-01,9.420380592346191
2026-04-01,5.107056140899658
2026-05-01,4.96258020401001
2026-06-01,1.458188652992249
