date,unrate,payems_mom_k
2023-01-01,3.5,434.0
2023-02-01,3.6,290.0
2023-03-01,3.5,68.0
2023-04-01,3.4,241.0
2023-05-01,3.6,280.0
2023-06-01,3.6,225.0
2023-07-01,3.5,163.0
2023-08-01,3.7,218.0
2023-09-01,3.7,156.0
2023-10-01,3.9,159.0
2023-11-01,3.7,127.0
2023-12-01,3.8,154.0
2024-01-01,3.7,175.0
2024-02-01,3.9,206.0
2024-03-01,3.9,228.0
2024-04-01,3.9,64.0
2024-05-01,3.9,78.0
2024-06-01,4.1,87.0
2024-07-01,4.2,53.0
2024-08-01,4.2,9.0
2024-09-01,4.1,155.0
2024-10-01,4.1,33.0
2024-11-01,4.2,134.0
2024-12-01,4.1,237.0
2025-01-01,4.0,-48.0
2025-02-01,4.2,42.0
2025-03-01,4.2,67.0
2025-04-01,4.2,108.0
2025-05-01,4.3,13.0
2025-06-01,4.1,-20.0
2025-07-01,4.3,64.0
2025-08-01,4.3,-70.0
2025-09-01,4.4,76.0
2025-11-01,4.5,41.0
2025-12-01,4.4,-17.0
2026-01-01,4.3,160.0
2026-02-01,4.4,-156.0
2026-03-01,4.3,214.0
2026-04-01,4.3,148.0
2026-05-01,4.3,129.0
2026-06-01,4.2,57.0
