id,category,claim,source_post_section,registered_on,resolve_on,criterion_hit,criterion_miss,actual,verdict,note
P1,정책,7/29 FOMC에서 목표범위 3.50-3.75% 동결 유지,관찰 캘린더,2026-07-28,2026-07-29,동결,인상 또는 인하,,,
P2,정책,FOMC 성명이 고용보다 인플레 우려를 더 비중 있게 다룬다,관찰 캘린더,2026-07-28,2026-07-29,인플레 문장이 고용 문장보다 앞 또는 상향 수식,고용 우려가 상향,,,
P3,물가,6월 Core PCE YoY가 3%대에 머문다(5월 3.41%),관찰 캘린더,2026-07-28,2026-07-31,3.00 이상 3.99 이하,2.99 이하 또는 4.00 이상,,,
P4,물가,Core PCE YoY가 5월 대비 유의하게 내려오지 않는다(정체),4장,2026-07-28,2026-07-31,5월 대비 -0.15%p 이내,-0.15%p 초과 하락,,,
P5,노동,7월 고용률(EMRATIO)이 6월 59.0%에서 반등하지 않는다,6장 개정,2026-07-28,2026-08-07,59.0 이하,59.1 이상,,,
P6,노동,참가율(CIVPART)이 61.5%에서 추가 하락하거나 횡보한다,6장 개정,2026-07-28,2026-08-07,61.6 이하,61.7 이상,,,
P7,노동,실업률만 보면 여전히 양호해 보인다(4.4% 이하),6장 개정,2026-07-28,2026-08-07,4.4 이하,4.5 이상,,,
P8,노동,구직단념설 반증 유지 — NILFWJN YoY 증가 300k 미만,6장 개정,2026-07-28,2026-08-07,YoY +300k 미만,+300k 이상,,,
P9,노동,임금 채널 침묵 유지 — AHE YoY가 6월 3.52%에서 재가속하지 않는다,6장 개정,2026-07-28,2026-08-07,3.70 이하,3.71 이상,,,
P10,물가,7월 CPI 헤드라인이 유가 재점화를 반영해 core보다 더 오른다,관찰 캘린더,2026-07-28,2026-08-13,헤드라인 YoY 상승폭 > core 상승폭,그 반대,,,
P11,기대,장기 앵커 미붕괴 — 시장 5y5y(T5YIFR)가 2.50% 미만,관찰 캘린더,2026-07-28,2026-08-31,2.50 미만,2.50 이상,,,
P12,기대,장기 앵커 미붕괴 — NY Fed SCE 5년 기대가 3.3% 미만,관찰 캘린더,2026-07-28,2026-08-31,3.3 미만,3.3 이상,,,
P13,논지,스태그플레이션 도미노는 base가 아니라 tail로 남는다,결론,2026-07-28,2026-08-31,P5·P11 중 하나 이상 미충족,P5와 P11이 동시에 충족(=악화),,,
P14,관찰,Core PCE - Core CPI 역전이 유지된다(5월 +0.56%p),4장 신설,2026-07-28,2026-08-13,스프레드 > 0,스프레드 <= 0,,,
P15,관찰,역전 원인 미확정 상태가 해소되는가 — 임금 경로로 설명되는가,4장 신설,2026-07-28,2026-08-31,AHE 재가속 없이 역전 유지(=임금설 기각 유지),AHE 재가속과 역전 확대가 동행,,,
