id,current_criterion_v1,v1_weakness,criterion_v2,applies_from,note
P1,동결이면 적중,단순 이벤트 여부라 사전 시장가격 대비 정보량이 없다,회의 전 OIS 내재확률 대비 결과 + 성명 변화 점수를 사전 수치로 예측,다음 글,Codex R5
P2,문장 위치·수식어,판정자의 재량이 크다,사전 정의한 문구 목록으로 고용·인플레 문장 변화를 각각 ±1점 채점,다음 글,Codex R5
P3,3.00-3.99,3%대 유지는 사실상 현상 유지 예측,직전값 대비 방향 + 허용오차 ±0.10%p,다음 글,Codex R5
P4,5월 대비 -0.15%p 이내,정체를 적중으로 만드는 넓은 밴드,3개월 연율 또는 3개월 평균 YoY의 방향 예측,다음 글,Codex R5
P5,EMRATIO <= 59.0,현 수준 유지만으로 적중,3개월 평균 고용률이 직전 3개월 평균보다 0.2%p 이상 하락,다음 글,Codex R5
P6,CIVPART <= 61.6,현 수준 유지만으로 적중,3개월 평균 참가율이 전년동기 또는 직전 3개월보다 0.2%p 이상 하락,다음 글,Codex R5
P7,UNRATE <= 4.4,현 수준 유지만으로 적중,실업률 상승과 고용률 하락의 동시 발생 여부,다음 글,Codex R5
P8,NILFWJN YoY < +300k,단일 계열 임계,NILFWJN·marginally attached·discouraged 중 2개 이상 YoY 악화,다음 글,Codex R5
P9,AHE YoY <= 3.70,단일 계열 임계,AHE 3개월 연율과 ECI 임금 상승률 중 2개가 동시 재가속,다음 글,Codex R5
P10,상승폭 비교,사전 수치가 없다,headline-core 월간 기여도 차이와 energy CPI 기여도를 사전 수치로 예측,다음 글,Codex R5
P11,T5YIFR < 2.50,현 수준 유지만으로 적중,월평균 5y5y가 직전 3개월 평균보다 0.20%p 이상 상승하고 2.50% 이상,다음 글,Codex R5
P12,SCE 5년 < 3.3,현 수준 유지만으로 적중,SCE 5년이 3개월 연속 상승하거나 3.3% 이상,다음 글,Codex R5
P13,P5·P11 동시 악화 시 오답,"논리식이 뒤집혀 있다 — v1 기준에서 P5(EMRATIO<=59.0)와 P11(5y5y<2.50)은 둘 다 '안정/미붕괴' 조건인데, 두 조건이 동시에 충족되면 오답으로 코딩돼 있다",인플레 지속 지표 1개와 노동수요 악화 지표 1개가 같은 평가창에서 동시 충족될 때만 tail→base,다음 글,Codex R5 + 논리 반전 지적
P14,스프레드 > 0,부호 유지만으로 적중,웨지가 전월 대비 확대·축소될 방향과 최소 변화폭을 사전 예측,다음 글,Codex R5
P15,AHE 재가속 부재,단일 계열로 원인을 판정,PCE 항목별 기여도에서 사전 지정 서비스군의 기여가 확대되는지로 판정,다음 글,Codex R5
